<?xml version='1.0' encoding='UTF-8'?><metaData xmlns="http://dhis2.org/schema/dxf/2.0" created="2016-02-17T04:23:31.475+0000"><sqlViews>
<sqlView xmlns="http://dhis2.org/schema/dxf/2.0" lastUpdated="2022-02-03T14:11:50.755" href="https://dev.data.fosfeminista.org/api/sqlViews/wwniq1qIkM0" id="wwniq1qIkM0" created="2015-08-14T08:08:13.926" name="Data Entry Log Report ( NEW )">
<displayName>Data Entry Log Report ( NEW )</displayName>
<publicAccess>r-r-----</publicAccess>
<type>QUERY</type>
<externalAccess>false</externalAccess>
<sqlQuery>select ou.name as ouname, de.name || ' ' || catname.categoryoptioncomboname as deCat, dv."value" as value, 'Current value' as status, dv.lastupdated as created, storedby as who , de.valuetype from datavalue dv INNER JOIN period pe on dv.periodid=pe.periodid INNER JOIN organisationunit ou on dv.sourceid=ou.organisationunitid inner join dataelement de on de.dataelementid=dv.dataelementid inner join categorycombos_optioncombos catopt on dv.categoryoptioncomboid=catopt.categoryoptioncomboid INNER JOIN _categoryoptioncomboname catname on catname.categoryoptioncomboid=catopt.categoryoptioncomboid inner join periodtype petype on petype.periodtypeid = pe.periodtypeid where dv.created>='${startDate}' and dv.created<='${endDate}' and pe.startdate='${peStartDate}' and pe.enddate='${peEndDate}' and ou.parentid in ( select organisationunitid from organisationunit where parentid in ( select organisationunitid from organisationunit where uid = '${entityUID}' ) ) and dv.created>='${startDate}' and dv.created<='${endDate}' UNION select ou.name as ouname, de.name || ' ' || catname.categoryoptioncomboname as deCat, dv."value" as value, audittype as status, dv.created as created, modifiedby as who , de.valuetype from datavalueaudit dv INNER JOIN period pe on dv.periodid=pe.periodid INNER JOIN organisationunit ou on dv.organisationunitid=ou.organisationunitid inner join dataelement de on de.dataelementid=dv.dataelementid inner join categorycombos_optioncombos catopt on dv.categoryoptioncomboid=catopt.categoryoptioncomboid INNER JOIN _categoryoptioncomboname catname on catname.categoryoptioncomboid=catopt.categoryoptioncomboid inner join periodtype petype on petype.periodtypeid = pe.periodtypeid where dv.created>='${startDate}' and dv.created<='${endDate}' and ou.parentid in ( select organisationunitid from organisationunit where parentid in ( select organisationunitid from organisationunit where uid = '${entityUID}' ) ) and pe.startdate='${peStartDate}' and pe.enddate='${peEndDate}' ORDER BY ouname, deCat, created desc, status </sqlQuery>
<sharing>Sharing(owner=Z53M949egPe, publicAccess=r-r-----, external=false, users={}, userGroups={})</sharing>
<cacheStrategy>RESPECT_SYSTEM_SETTING</cacheStrategy>
<favorite>false</favorite>
<access>
<read>true</read>
<update>true</update>
<externalize>true</externalize>
<delete>true</delete>
<write>true</write>
<manage>true</manage>
<data>
<read>true</read>
<write>true</write>
</data>
</access>
<lastUpdatedBy>
<displayName>Tran Chau</displayName>
<name>Tran Chau</name>
<id>Z53M949egPe</id>
<username>tranc</username>
</lastUpdatedBy>
<createdBy>
<displayName>Tran Chau</displayName>
<name>Tran Chau</name>
<id>Z53M949egPe</id>
<username>tranc</username>
</createdBy>
<user>
<displayName>Tran Chau</displayName>
<name>Tran Chau</name>
<id>Z53M949egPe</id>
<username>tranc</username>
</user>
</sqlView>

<sqlView xmlns="http://dhis2.org/schema/dxf/2.0" lastUpdated="2022-02-03T14:32:12.202" href="https://dev.data.fosfeminista.org/api/sqlViews/gSk0W8fkuMg" id="gSk0W8fkuMg" created="2015-08-19T23:29:30.902" name="Data Entry Log Report ( Individual )">
<displayName>Data Entry Log Report ( Individual )</displayName>
<publicAccess>r-r-----</publicAccess>
<type>QUERY</type>
<externalAccess>false</externalAccess>
<sqlQuery>select ou.name as ouname, de.name || ' ' || catname.categoryoptioncomboname as deCat, dv."value" as value, 'Current data' as status, dv.lastupdated as created, storedby as who , de.valuetype from datavalue dv INNER JOIN period pe on dv.periodid=pe.periodid INNER JOIN organisationunit ou on dv.sourceid=ou.organisationunitid inner join dataelement de on de.dataelementid=dv.dataelementid inner join categorycombos_optioncombos catopt on dv.categoryoptioncomboid=catopt.categoryoptioncomboid INNER JOIN _categoryoptioncomboname catname on catname.categoryoptioncomboid=catopt.categoryoptioncomboid inner join periodtype petype on petype.periodtypeid = pe.periodtypeid where dv.created>='${startDate}' and dv.created<='${endDate}' and pe.startdate='${peStartDate}' and pe.enddate='${peEndDate}' and ou.uid = '${entityUID}' and dv.created>='${startDate}' and dv.created<='${endDate}' UNION select ou.name as ouname, de.name || ' ' || catname.categoryoptioncomboname as deCat, dv."value" as value, audittype as status, dv.created as created, modifiedby as who , de.valuetype from datavalueaudit dv INNER JOIN period pe on dv.periodid=pe.periodid INNER JOIN organisationunit ou on dv.organisationunitid=ou.organisationunitid inner join dataelement de on de.dataelementid=dv.dataelementid inner join categorycombos_optioncombos catopt on dv.categoryoptioncomboid=catopt.categoryoptioncomboid INNER JOIN _categoryoptioncomboname catname on catname.categoryoptioncomboid=catopt.categoryoptioncomboid inner join periodtype petype on petype.periodtypeid = pe.periodtypeid where dv.created>='${startDate}' and dv.created<='${endDate}' and ou.uid = '${entityUID}' and pe.startdate='${peStartDate}' and pe.enddate='${peEndDate}' ORDER BY ouname, deCat, status, created , who</sqlQuery>
<sharing>Sharing(owner=Z53M949egPe, publicAccess=r-r-----, external=false, users={}, userGroups={})</sharing>
<cacheStrategy>RESPECT_SYSTEM_SETTING</cacheStrategy>
<favorite>false</favorite>
<access>
<read>true</read>
<update>true</update>
<externalize>true</externalize>
<delete>true</delete>
<write>true</write>
<manage>true</manage>
<data>
<read>true</read>
<write>true</write>
</data>
</access>
<lastUpdatedBy>
<displayName>Tran Chau</displayName>
<name>Tran Chau</name>
<id>Z53M949egPe</id>
<username>tranc</username>
</lastUpdatedBy>
<createdBy>
<displayName>Tran Chau</displayName>
<name>Tran Chau</name>
<id>Z53M949egPe</id>
<username>tranc</username>
</createdBy>
<user>
<displayName>Tran Chau</displayName>
<name>Tran Chau</name>
<id>Z53M949egPe</id>
<username>tranc</username>
</user>
</sqlView>


</sqlViews>


</metaData>