<?xml version='1.0' encoding='UTF-8'?><metaData xmlns="http://dhis2.org/schema/dxf/2.0" created="2015-09-30T03:54:51.530+0000">
<sqlViews>
<sqlView name="Data Entry Log Report ( NEW )" created="2015-08-14T07:08:13.926+0000" lastUpdated="2015-09-29T23:17:23.732+0000" id="wwniq1qIkM0"><externalAccess>false</externalAccess><publicAccess>r-------</publicAccess><user name="Tran Chau" created="2015-02-03T08:06:59.604+0000" lastUpdated="2015-04-09T12:30:36.760+0000" id="Z53M949egPe"><externalAccess>false</externalAccess></user><description></description><sqlQuery>select ou.name as ouname, de.name || ' ' || catname.categoryoptioncomboname as deCat, dv."value" as value, 'Current value' as status, dv.lastupdated as created, storedby as who , de.valuetype from datavalue dv INNER JOIN period pe on dv.periodid=pe.periodid INNER JOIN organisationunit ou on dv.sourceid=ou.organisationunitid inner join dataelement de on de.dataelementid=dv.dataelementid inner join categorycombos_optioncombos catopt on dv.categoryoptioncomboid=catopt.categoryoptioncomboid INNER JOIN _categoryoptioncomboname catname on catname.categoryoptioncomboid=catopt.categoryoptioncomboid inner join datavalueaudit dvaudit on ( dv.periodid=dvaudit.periodid and dv.sourceid=dvaudit.organisationunitid and dv.categoryoptioncomboid=dvaudit.categoryoptioncomboid and dv.dataelementid=dvaudit.dataelementid and dv.attributeoptioncomboid=dvaudit.attributeoptioncomboid ) inner join periodtype petype on petype.periodtypeid = pe.periodtypeid where dv.created>='${startDate}' and dv.created&lt;='${endDate}' and pe.startdate='${peStartDate}' and pe.enddate='${peEndDate}' and ou.parentid in ( select organisationunitid from organisationunit where parentid in ( select organisationunitid from organisationunit where uid = '${entityUID}' ) ) and dvaudit.created>='${startDate}' and dvaudit.created&lt;='${endDate}' UNION select ou.name as ouname, de.name || ' ' || catname.categoryoptioncomboname as deCat, dv."value" as value, audittype as status, dv.created as created, modifiedby as who , de.valuetype from datavalueaudit dv INNER JOIN period pe on dv.periodid=pe.periodid INNER JOIN organisationunit ou on dv.organisationunitid=ou.organisationunitid inner join dataelement de on de.dataelementid=dv.dataelementid inner join categorycombos_optioncombos catopt on dv.categoryoptioncomboid=catopt.categoryoptioncomboid INNER JOIN _categoryoptioncomboname catname on catname.categoryoptioncomboid=catopt.categoryoptioncomboid inner join periodtype petype on petype.periodtypeid = pe.periodtypeid where dv.created>='${startDate}' and dv.created&lt;='${endDate}' and ou.parentid in ( select organisationunitid from organisationunit where parentid in ( select organisationunitid from organisationunit where uid = '${entityUID}' ) ) and pe.startdate='${peStartDate}' and pe.enddate='${peEndDate}' ORDER BY ouname, deCat, created desc, status</sqlQuery><type>QUERY</type></sqlView><sqlView name="Data Entry Log Report ( Individual )" created="2015-08-19T22:29:30.902+0000" lastUpdated="2015-09-29T23:17:00.280+0000" id="gSk0W8fkuMg"><externalAccess>false</externalAccess><publicAccess>r-------</publicAccess><user name="Tran Chau" created="2015-02-03T08:06:59.604+0000" lastUpdated="2015-04-09T12:30:36.760+0000" id="Z53M949egPe"><externalAccess>false</externalAccess></user><description></description><sqlQuery>select ou.name as ouname, de.name || ' ' || catname.categoryoptioncomboname as deCat, dv."value" as value, 'Current data' as status, dv.lastupdated as created, storedby as who , de.valuetype from datavalue dv INNER JOIN period pe on dv.periodid=pe.periodid INNER JOIN organisationunit ou on dv.sourceid=ou.organisationunitid inner join dataelement de on de.dataelementid=dv.dataelementid inner join categorycombos_optioncombos catopt on dv.categoryoptioncomboid=catopt.categoryoptioncomboid INNER JOIN _categoryoptioncomboname catname on catname.categoryoptioncomboid=catopt.categoryoptioncomboid inner join datavalueaudit dvaudit on ( dv.periodid=dvaudit.periodid and dv.sourceid=dvaudit.organisationunitid and dv.categoryoptioncomboid=dvaudit.categoryoptioncomboid and dv.dataelementid=dvaudit.dataelementid and dv.attributeoptioncomboid=dvaudit.attributeoptioncomboid ) inner join periodtype petype on petype.periodtypeid = pe.periodtypeid where dv.created>='${startDate}' and dv.created&lt;='${endDate}' and pe.startdate='${peStartDate}' and pe.enddate='${peEndDate}' and ou.uid = '${entityUID}' and dvaudit.created>='${startDate}' and dvaudit.created&lt;='${endDate}' UNION select ou.name as ouname, de.name || ' ' || catname.categoryoptioncomboname as deCat, dv."value" as value, audittype as status, dv.created as created, modifiedby as who , de.valuetype from datavalueaudit dv INNER JOIN period pe on dv.periodid=pe.periodid INNER JOIN organisationunit ou on dv.organisationunitid=ou.organisationunitid inner join dataelement de on de.dataelementid=dv.dataelementid inner join categorycombos_optioncombos catopt on dv.categoryoptioncomboid=catopt.categoryoptioncomboid INNER JOIN _categoryoptioncomboname catname on catname.categoryoptioncomboid=catopt.categoryoptioncomboid inner join periodtype petype on petype.periodtypeid = pe.periodtypeid where dv.created>='${startDate}' and dv.created&lt;='${endDate}' and ou.uid = '${entityUID}' and pe.startdate='${peStartDate}' and pe.enddate='${peEndDate}' ORDER BY ouname, deCat, status, created , who</sqlQuery>
<type>QUERY</type>

</sqlView></sqlViews>
</metaData>